{
  "material_properties": {
    "E_Pa": 100000.0,
    "nu": 0.45,
    "rho_shell_kg_m3": 1100.0,
    "rho_fluid_kg_m3": 1000.0,
    "h_m": 0.01,
    "R_m": 0.162,
    "D_Nm": 0.010449320794148382,
    "P_iap_Pa": 1500.0
  },
  "method": "Rayleigh-Ritz with Legendre polynomial basis",
  "n_basis_min": 2,
  "n_basis_max": 25,
  "n_quadrature": 300,
  "analytical_lamb_hz": {
    "2": 4.263728330734536,
    "3": 7.0616298177979155,
    "4": 10.121034998362285,
    "5": 13.454806378663049,
    "6": 17.0503896554374,
    "7": 20.89692456186756,
    "8": 24.98837300106814,
    "9": 29.322877000740043,
    "10": 33.901662593264625
  },
  "ritz_free_sphere_hz": [
    4.264071210216037,
    7.056353234486099,
    10.105170911845992,
    13.42301482221313,
    16.997191816678487,
    20.816839240008147,
    24.876013064663017,
    29.173020803755403,
    33.70930647901341,
    38.48848946690978
  ],
  "validation_max_error_pct": 0.38323975196595605,
  "ritz_hemisphere_clamped_hz": [
    54619.56277118564,
    1006436.192312523
  ],
  "ritz_25pct_constrained_hz": [
    33916.489456636285,
    646394.2744594844
  ],
  "comparison": {
    "free_sphere_analytical_n2_hz": 4.263728330734536,
    "free_sphere_ritz_n2_hz": 4.264071210216037,
    "hemisphere_clamped_f1_hz": 54619.56277118564,
    "constrained_25pct_f1_hz": 33916.489456636285,
    "ratio_hemisphere_vs_free": 12810.282113301535,
    "ratio_25pct_vs_free": 7954.655368671977
  }
}