{
  "material_properties": {
    "E_Pa": 100000.0,
    "nu": 0.45,
    "rho_shell_kg_m3": 1100.0,
    "rho_fluid_kg_m3": 1000.0,
    "h_m": 0.01,
    "R_m": 0.162,
    "D_Nm": 0.010449320794148382,
    "P_iap_Pa": 1500.0
  },
  "method": "Coupled (w, u_theta) Rayleigh-Ritz, Legendre basis",
  "n_basis_range": [
    2,
    15
  ],
  "n_quadrature": 300,
  "analytical_lamb_hz": {
    "2": 4.263728330734536,
    "3": 7.0616298177979155,
    "4": 10.121034998362285,
    "5": 13.454806378663049,
    "6": 17.0503896554374,
    "7": 20.89692456186756,
    "8": 24.98837300106814,
    "9": 29.322877000740043,
    "10": 33.901662593264625
  },
  "ritz_free_sphere_hz": [
    23.122182331968705,
    29.674774685366348,
    34.55507902899347,
    45.230490273915066,
    45.607234568336864,
    56.43678887819868,
    62.84407897706658,
    67.14889151999208,
    77.79459965905727,
    82.0623331792575
  ],
  "validation_max_error_pct": 442.29961522865875,
  "ritz_hemisphere_ss_hz": [
    0.358866126134342,
    18.103030285880614,
    24.63356497958826,
    44.757470094272,
    49.132510295563904,
    67.12712016766918,
    84.56194360497093,
    88.49295660516586,
    109.53196475469672,
    125.0090360713252
  ],
  "ritz_hemisphere_clamped_hz": [
    0.42399277373744115,
    18.385111814805203,
    24.718884306183714,
    45.0347862087687,
    50.827874754529915,
    67.12876188988557,
    87.95509597564363,
    89.20386800972634,
    109.53222131838208,
    130.52242561801802
  ],
  "ritz_25pct_constrained_hz": [
    12.385597165155575,
    17.92839635172122,
    31.519904591698324,
    35.49594416439511,
    49.758356673072164,
    57.38306676269753,
    66.03354305552647,
    78.76104825266569,
    82.00557599390467,
    97.77784140366643
  ],
  "comparison": {
    "free_sphere_analytical_n2_hz": 4.263728330734536,
    "free_sphere_ritz_n2_hz": 23.122182331968705,
    "hemisphere_ss_f1_hz": 0.358866126134342,
    "hemisphere_clamped_f1_hz": 0.42399277373744115,
    "constrained_25pct_f1_hz": 12.385597165155575,
    "ratio_ss_vs_free": 0.0841672119556731,
    "ratio_clamped_vs_free": 0.09944178916868222,
    "ratio_25pct_vs_free": 2.9048748429574167
  }
}