{
  "material_properties": {
    "E_Pa": 100000.0,
    "nu": 0.45,
    "rho_shell_kg_m3": 1100.0,
    "rho_fluid_kg_m3": 1000.0,
    "h_m": 0.01,
    "R_m": 0.162,
    "D_Nm": 0.010449320794148382,
    "P_iap_Pa": 1500.0
  },
  "method": "Lamb-mode Rayleigh-Ritz, Love-Kirchhoff shell theory",
  "n_basis_range": [
    2,
    15
  ],
  "n_quadrature": 300,
  "analytical_lamb_hz": {
    "2": 4.263728330734536,
    "3": 7.0616298177979155,
    "4": 10.121034998362285,
    "5": 13.454806378663049,
    "6": 17.0503896554374,
    "7": 20.89692456186756,
    "8": 24.98837300106814,
    "9": 29.322877000740043,
    "10": 33.901662593264625
  },
  "ritz_free_sphere_hz": [
    4.132397417335828,
    6.930903972050233,
    9.96556792193334,
    13.268611780023832,
    16.828960564217283,
    20.63564789730317,
    24.682481419360915,
    28.967567247900032,
    33.49220332479769,
    38.25990353735115
  ],
  "validation_max_error_pct": 1.6042449040376145e-13,
  "ritz_hemisphere_ss_hz": [
    3.9120194601107428,
    8.259543691288549,
    13.177097528663339,
    19.428254525715904,
    27.049118401102596,
    35.7962836629556,
    45.5546280577161,
    56.274988095809505,
    68.5809594902402,
    82.32166322219055
  ],
  "ritz_hemisphere_clamped_hz": [
    3.8930822067161737,
    7.799910566667436,
    13.50039087826482,
    20.83349146823878,
    29.284687415515986,
    38.71820434374869,
    49.10019225171227,
    60.356596257684664,
    70.83867617402092,
    87.28483509066363
  ],
  "ritz_25pct_constrained_hz": [
    3.659640472925988,
    8.184101664360025,
    13.224284172074372,
    18.730736379034436,
    24.61499850343058,
    30.660366751267112,
    36.44135648006419,
    42.17232219615823,
    48.933771896643314,
    56.74390213987243
  ],
  "comparison": {
    "free_sphere_analytical_n2_hz": 4.263728330734536,
    "free_sphere_ritz_n2_hz": 4.132397417335828,
    "hemisphere_ss_f1_hz": 3.9120194601107428,
    "hemisphere_clamped_f1_hz": 3.8930822067161737,
    "constrained_25pct_f1_hz": 3.659640472925988,
    "ratio_ss_vs_free_ritz": 0.9466706768568344,
    "ratio_clamped_vs_free_ritz": 0.942088045642536,
    "ratio_25pct_vs_free_ritz": 0.8855974155761068,
    "dry_free_ritz_hz": 9.976522727328788,
    "dry_hemisphere_clamped_hz": 13.239328800422252,
    "dry_25pct_constrained_hz": 9.227272142781802
  }
}