{
  "meta": {
    "N_MC": 10000,
    "N_SOBOL_base": 4096,
    "SPL_dB": 120.0,
    "accel_rms_ms2": 0.5,
    "mode_n": 2,
    "seed": 42
  },
  "parameters": {
    "E": {
      "nominal": 100000.0,
      "distribution": "lognormal",
      "range_low": 50000.0,
      "range_high": 2000000.0
    },
    "a": {
      "nominal": 0.18,
      "distribution": "normal",
      "range_low": 0.15,
      "range_high": 0.22
    },
    "c": {
      "nominal": 0.12,
      "distribution": "normal",
      "range_low": 0.08,
      "range_high": 0.15
    },
    "h": {
      "nominal": 0.01,
      "distribution": "normal",
      "range_low": 0.005,
      "range_high": 0.02
    },
    "nu": {
      "nominal": 0.45,
      "distribution": "uniform",
      "range_low": 0.4,
      "range_high": 0.499
    },
    "rho_wall": {
      "nominal": 1100.0,
      "distribution": "normal",
      "range_low": 1000.0,
      "range_high": 1200.0
    },
    "rho_fluid": {
      "nominal": 1020.0,
      "distribution": "normal",
      "range_low": 1000.0,
      "range_high": 1060.0
    },
    "P_iap": {
      "nominal": 1000.0,
      "distribution": "lognormal",
      "range_low": 500.0,
      "range_high": 3000.0
    },
    "loss_tangent": {
      "nominal": 0.25,
      "distribution": "uniform",
      "range_low": 0.1,
      "range_high": 0.4
    }
  },
  "monte_carlo": {
    "f_n2_mean": 7.521343809731639,
    "f_n2_median": 6.427828771464522,
    "f_n2_std": 4.2106848082956105,
    "f_n2_p5": 3.323528457772607,
    "f_n2_p95": 15.475955032381655,
    "f_n2_ci99_lo": 2.3689311734819753,
    "f_n2_ci99_hi": 26.433691555382715,
    "f_n2_n_valid": 10000,
    "xi_air_um_mean": 0.2064653868739621,
    "xi_air_um_median": 0.17803214967453906,
    "xi_air_um_std": 0.0900233747387214,
    "xi_air_um_p5": 0.10747017288128483,
    "xi_air_um_p95": 0.3938653460325477,
    "xi_air_um_ci99_lo": 0.08744210679128807,
    "xi_air_um_ci99_hi": 0.48981280588331677,
    "xi_air_um_n_valid": 10000,
    "xi_mech_um_mean": 2744.502909326449,
    "xi_mech_um_median": 1818.0161304676421,
    "xi_mech_um_std": 3109.6948633882976,
    "xi_mech_um_p5": 296.27636966509334,
    "xi_mech_um_p95": 8175.851717803384,
    "xi_mech_um_ci99_lo": 82.90379726282235,
    "xi_mech_um_ci99_hi": 17456.987290852234,
    "xi_mech_um_n_valid": 10000,
    "R_coupling_mean": 12948.977141236037,
    "R_coupling_median": 9820.366868799567,
    "R_coupling_std": 11887.517604426432,
    "R_coupling_p5": 1779.5898595556926,
    "R_coupling_p95": 34169.4741731217,
    "R_coupling_ci99_lo": 616.607842084912,
    "R_coupling_ci99_hi": 62466.25829741267,
    "R_coupling_n_valid": 9994,
    "spl_piezo_mean": 134.43440931459187,
    "spl_piezo_median": 134.98652221067385,
    "spl_piezo_std": 3.508118657375249,
    "spl_piezo_p5": 128.09096914657331,
    "spl_piezo_p95": 139.36942354584892,
    "spl_piezo_ci99_lo": 126.19921643400559,
    "spl_piezo_ci99_hi": 141.10410892356708,
    "spl_piezo_n_valid": 9994
  },
  "sobol": {
    "f_n2": {
      "S1": {
        "E": 0.8118632458537431,
        "a": 0.03530802990483076,
        "c": 0.027246138274990037,
        "h": 0.06591422887478053,
        "nu": 0.00012909327574531847,
        "rho_wall": 7.904480234384307e-05,
        "rho_fluid": 3.264242662927091e-05,
        "P_iap": 0.010796089702065624,
        "loss_tangent": 0.0
      },
      "ST": {
        "E": 0.8612897113490584,
        "a": 0.050251005740265024,
        "c": 0.03594476691703639,
        "h": 0.11633254659545307,
        "nu": 0.00023819903195251718,
        "rho_wall": 9.302707711264974e-05,
        "rho_fluid": 0.00023755900675589278,
        "P_iap": 0.012533471512273155,
        "loss_tangent": 0.0
      }
    },
    "xi_air_um": {
      "S1": {
        "E": -4.0511490819278665e-05,
        "a": 0.04110640563898737,
        "c": 0.02774246004616691,
        "h": 0.010803269899108943,
        "nu": -6.940521476552045e-18,
        "rho_wall": 0.00037369012420522725,
        "rho_fluid": 0.001099956648009039,
        "P_iap": -0.0022192916759043394,
        "loss_tangent": 0.8988898698827471
      },
      "ST": {
        "E": 0.002928432729425392,
        "a": 0.047681149452286326,
        "c": 0.032265200454666056,
        "h": 0.021892125834905355,
        "nu": 2.8322175852780438e-31,
        "rho_wall": 0.00039720023769912824,
        "rho_fluid": 0.0014701363123800822,
        "P_iap": 0.0034031852868949,
        "loss_tangent": 0.9114676107915661
      }
    },
    "xi_mech_um": {
      "S1": {
        "E": 0.24443968976302785,
        "a": 0.015064988345581724,
        "c": 0.014447113812689108,
        "h": 0.10239847496289732,
        "nu": -0.00017469579873350863,
        "rho_wall": 6.584896580027566e-05,
        "rho_fluid": 7.647938754365694e-05,
        "P_iap": 0.022113349229938996,
        "loss_tangent": 0.08902571627429832
      },
      "ST": {
        "E": 0.3871380178681103,
        "a": 0.039297342611305484,
        "c": 0.02526647974903806,
        "h": 0.11264637540095888,
        "nu": 0.000268681970776798,
        "rho_wall": 5.78362300346875e-05,
        "rho_fluid": 0.0003203237712725689,
        "P_iap": 0.1186516731223988,
        "loss_tangent": 0.18247907077624095
      }
    },
    "R_coupling": {
      "S1": {
        "E": 0.33113503287494067,
        "a": 0.005038317012113734,
        "c": 0.0056218182871006755,
        "h": 0.08796757435074588,
        "nu": 2.2527948415872255e-05,
        "rho_wall": 0.0002147317053909896,
        "rho_fluid": 0.0010032095442621145,
        "P_iap": 0.02699702655798716,
        "loss_tangent": -2.148436759260524e-18
      },
      "ST": {
        "E": 0.4260221101254052,
        "a": 0.014855498684824841,
        "c": 0.007905265069347982,
        "h": 0.08489293815694651,
        "nu": 0.00031895653311461475,
        "rho_wall": 0.0002667398249145947,
        "rho_fluid": 0.001225048044724748,
        "P_iap": 0.12567778135302488,
        "loss_tangent": 1.37953192485675e-32
      }
    }
  }
}